year,min_humidity,max_humidity
2016,18.466666666666665,94.3
2015,13.428571428571429,98.0
2014,20.875,96.85714285714286
2017,100.0,100.0
2013,15.857142857142858,94.0
